image_id,room,source_path,width,height,mean_luminance,luminance_std,luminance_p05,luminance_p95,dynamic_range_p95_p05,dark_area_ratio,bright_area_ratio,highlight_area_ratio,local_contrast_mean,spatial_layering_std,luminance_entropy,warm_pixel_ratio,warmth_index,bright_region_count,bright_region_concentration,highlight_center_x,highlight_center_y
bedroom/bedroom_01_pexels_6510419.jpg,bedroom,data/raw/base_images/bedroom/bedroom_01_pexels_6510419.jpg,1920,1280,0.556845,0.21817,0.188235,0.870588,0.682353,0.089744,0.132007,0.043004,0.041596,0.133755,0.931974,0.105861,-0.004149,4,0.460449,0.231522,0.459841
bedroom/bedroom_02_pexels_7031710.jpg,bedroom,data/raw/base_images/bedroom/bedroom_02_pexels_7031710.jpg,1920,1281,0.620688,0.18471,0.298039,0.917647,0.619608,0.02678,0.179323,0.075354,0.044126,0.122798,0.937801,0.208711,0.047184,5,0.387356,0.570044,0.364798
bedroom/bedroom_03_pexels_6121088.jpg,bedroom,data/raw/base_images/bedroom/bedroom_03_pexels_6121088.jpg,1920,1561,0.656551,0.189687,0.254902,0.968627,0.713725,0.038284,0.158876,0.112712,0.058421,0.077676,0.906489,0.648724,0.1104,7,0.326893,0.452516,0.372013
bedroom/bedroom_04_pexels_6510417.jpg,bedroom,data/raw/base_images/bedroom/bedroom_04_pexels_6510417.jpg,1920,1280,0.531167,0.253652,0.07451,0.898039,0.823529,0.146103,0.129816,0.071213,0.058182,0.170658,0.969636,0.064219,0.007135,5,0.528965,0.288162,0.402723
bedroom/bedroom_05_pexels_7546559.jpg,bedroom,data/raw/base_images/bedroom/bedroom_05_pexels_7546559.jpg,1920,1281,0.698717,0.173475,0.298039,0.909804,0.611765,0.017187,0.296953,0.073056,0.035363,0.12338,0.900307,0.490586,0.06385,1,1.0,0.596476,0.745753
bedroom/bedroom_06_pexels_3933240.jpg,bedroom,data/raw/base_images/bedroom/bedroom_06_pexels_3933240.jpg,1920,2880,0.614322,0.282116,0.094118,0.94902,0.854902,0.111978,0.352873,0.261084,0.042351,0.229508,0.955918,0.364363,0.060804,3,0.924108,0.521447,0.193381
hallway/hallway_01_pexels_6903159.jpg,hallway,data/raw/base_images/hallway/hallway_01_pexels_6903159.jpg,1920,1282,0.370559,0.188931,0.164706,0.811765,0.647059,0.090094,0.063265,0.003444,0.036024,0.123196,0.881318,0.000259,-0.020081,0,0.0,0.508381,0.266504
hallway/hallway_02_pexels_6580384.jpg,hallway,data/raw/base_images/hallway/hallway_02_pexels_6580384.jpg,1920,2877,0.380874,0.219608,0.105882,0.811765,0.705882,0.155239,0.060137,0.0202,0.039976,0.142415,0.939426,0.260376,0.075499,2,0.674306,0.240648,0.571387
hallway/hallway_03_pexels_6489085.jpg,hallway,data/raw/base_images/hallway/hallway_03_pexels_6489085.jpg,1920,1310,0.597688,0.164188,0.286275,0.870588,0.584314,0.021926,0.082641,0.045854,0.030934,0.092977,0.908912,0.054069,0.00536,2,0.541462,0.312752,0.600947
hallway/hallway_04_pexels_7018386.jpg,hallway,data/raw/base_images/hallway/hallway_04_pexels_7018386.jpg,1920,1282,0.547148,0.17984,0.247059,0.847059,0.6,0.020885,0.072148,0.027136,0.040551,0.103499,0.925957,0.530648,0.067334,5,0.276465,0.459801,0.639475
hallway/hallway_05_pexels_15210509.jpg,hallway,data/raw/base_images/hallway/hallway_05_pexels_15210509.jpg,1920,2401,0.26411,0.167667,0.047059,0.588235,0.541176,0.413793,0.021247,0.010243,0.022139,0.115711,0.884685,0.465354,0.09755,0,0.0,0.51487,0.512725
hallway/hallway_06_pexels_12709863.jpg,hallway,data/raw/base_images/hallway/hallway_06_pexels_12709863.jpg,1920,3413,0.34387,0.239742,0.043137,0.741176,0.698039,0.380341,0.028269,0.005774,0.066231,0.094988,0.952016,0.034219,-0.010232,0,0.0,0.543254,0.700113
living_room/living_01_pexels_7534559.jpg,living_room,data/raw/base_images/living_room/living_01_pexels_7534559.jpg,1920,1281,0.671428,0.20112,0.286275,0.929412,0.643137,0.029899,0.282353,0.115388,0.057855,0.132463,0.934692,0.190182,0.033544,14,0.350333,0.456133,0.362038
living_room/living_02_pexels_10161225.jpg,living_room,data/raw/base_images/living_room/living_02_pexels_10161225.jpg,1920,1292,0.512501,0.208258,0.133333,0.862745,0.729412,0.088532,0.091001,0.04015,0.075999,0.112181,0.961926,0.792804,0.149745,2,0.757528,0.549361,0.606695
living_room/living_03_pexels_6186821.jpg,living_room,data/raw/base_images/living_room/living_03_pexels_6186821.jpg,1920,1281,0.514253,0.263872,0.094118,0.866667,0.772549,0.22106,0.114926,0.04345,0.074893,0.15676,0.962166,0.469382,0.074769,4,0.628443,0.393755,0.231904
living_room/living_04_pexels_7511701.jpg,living_room,data/raw/base_images/living_room/living_04_pexels_7511701.jpg,1920,1281,0.542457,0.246774,0.098039,0.85098,0.752941,0.115888,0.103918,0.038551,0.056219,0.162921,0.961266,0.063134,-0.0073,1,1.0,0.430975,0.444092
living_room/living_05_pexels_6890390.jpg,living_room,data/raw/base_images/living_room/living_05_pexels_6890390.jpg,1920,1281,0.688981,0.207327,0.266667,0.956863,0.690196,0.022603,0.424382,0.087648,0.057017,0.106119,0.898604,0.171997,0.032592,5,0.407926,0.281683,0.591983
living_room/living_06_pexels_6758512.jpg,living_room,data/raw/base_images/living_room/living_06_pexels_6758512.jpg,1920,1281,0.612476,0.162211,0.309804,0.878431,0.568627,0.019527,0.113493,0.049849,0.057376,0.058723,0.906665,0.002681,-0.022213,9,0.260449,0.635552,0.402396
study/study_01_pexels_19227252.jpg,study,data/raw/base_images/study/study_01_pexels_19227252.jpg,1920,1280,0.534782,0.192757,0.129412,0.827451,0.698039,0.098355,0.057354,0.036528,0.074093,0.087233,0.912475,0.021143,0.012513,3,0.463262,0.788504,0.27295
study/study_02_pexels_7535030.jpg,study,data/raw/base_images/study/study_02_pexels_7535030.jpg,1920,1280,0.545183,0.227404,0.090196,0.807843,0.717647,0.131691,0.061372,0.013168,0.087536,0.116509,0.944071,0.008689,-0.004173,2,0.506865,0.459239,0.39945
study/study_03_pexels_4307570.jpg,study,data/raw/base_images/study/study_03_pexels_4307570.jpg,1920,1280,0.575334,0.156977,0.294118,0.8,0.505882,0.027739,0.05134,0.022177,0.05541,0.079437,0.906088,0.251608,0.049298,3,0.687019,0.54952,0.305705
study/study_04_pexels_5511088.jpg,study,data/raw/base_images/study/study_04_pexels_5511088.jpg,1920,1280,0.627957,0.230214,0.160784,0.960784,0.8,0.067933,0.230551,0.11684,0.071442,0.178048,0.961758,0.073004,-0.007604,8,0.391224,0.412752,0.251766
study/study_05_pexels_30843044.jpg,study,data/raw/base_images/study/study_05_pexels_30843044.jpg,1920,3413,0.448504,0.249155,0.121569,0.890196,0.768627,0.233747,0.115672,0.054478,0.053839,0.180301,0.960129,0.359951,0.049143,3,0.650992,0.727368,0.434935
study/study_06_pexels_32177387.jpg,study,data/raw/base_images/study/study_06_pexels_32177387.jpg,1920,1440,0.426965,0.233838,0.035294,0.819608,0.784314,0.225358,0.054506,0.038622,0.062997,0.168482,0.952783,0.110191,0.047961,0,0.0,0.531559,0.428222
